{
  "file": "C:\\Users\\dktm9\\OneDrive\\바탕 화면\\censored_txt\\202410723_2학년_컴퓨터과학과_이정원_수시_censored.txt",
  "total_score": 42.5,
  "cutoff_total_score": 38.967,
  "pass_total_score": true,
  "structured_score": 0.0,
  "unstructured_score": 44.99995,
  "pca": {
    "pc1": 2.3677711710643403,
    "pc2": 1.9653133536277165,
    "pc1_cutoff": 1.4042408795136585,
    "pca_pass_pc1": true,
    "student_type": "균형형",
    "dist_to_pass_centroid": 2.4888587634376518,
    "explained_variance_ratio": [
      0.2279246463621444,
      0.14441001670197917
    ]
  },
  "pass_pc1": true,
  "final_pass_both": true
}