{
  "file": "C:\\Users\\dktm9\\OneDrive\\바탕 화면\\censored_txt\\202511291_1_자유전공학부(인문사회계열)_조은진_정시_censored.txt",
  "total_score": 63.758,
  "cutoff_total_score": 38.967,
  "pass_total_score": true,
  "structured_score": 89.0,
  "unstructured_score": 60.8334,
  "pca": {
    "pc1": 2.5703519381857456,
    "pc2": 1.7943615913901247,
    "pc1_cutoff": 1.4042408795136585,
    "pca_pass_pc1": true,
    "student_type": "균형형",
    "dist_to_pass_centroid": 2.523913228198645,
    "explained_variance_ratio": [
      0.2279246463621444,
      0.14441001670197917
    ]
  },
  "pass_pc1": true,
  "final_pass_both": true
}