{
  "feature_names": [
    "academic_achievement",
    "academic_attitude",
    "career_exploration",
    "collaboration_communication",
    "diligence_rules",
    "inquiry",
    "leadership",
    "major_course_achievement",
    "major_course_effort",
    "sharing_caring"
  ],
  "scaler": {
    "mean_": [
      39.13043478260872,
      44.44444444444445,
      23.671497584541076,
      65.70048309178743,
      17.39130434782608,
      46.85990338164251,
      55.07246376811592,
      0.9661835748792269,
      17.874396135265705,
      47.82608695652175
    ],
    "scale_": [
      18.130428990140302,
      20.97975917933185,
      22.77202656887473,
      26.296350531897264,
      7.737013226109635,
      20.711063874614517,
      31.508548520039273,
      4.818825445231888,
      16.37887778566637,
      12.976208713587717
    ]
  },
  "pca": {
    "components_": [
      [
        0.22766963250632233,
        0.3322077999716185,
        0.14567505945087456,
        0.4080587205709879,
        0.2558896222528934,
        0.42692918813460834,
        0.503625781555786,
        -0.04108148592601394,
        0.26059547259937865,
        0.281223623761487
      ],
      [
        -0.29783924684668006,
        -0.2597577430474913,
        0.5127031590120217,
        -0.18880910604066975,
        0.15409491472846495,
        -0.2641171138382007,
        0.20364413901231407,
        -0.5651000482510852,
        0.08765074387628373,
        0.28863392874537147
      ]
    ],
    "explained_variance_ratio_": [
      0.2279246463621444,
      0.14441001670197917
    ]
  },
  "pc1_cutoff": 1.4042408795136585,
  "pass_centroid": [
    0.6157564019932583,
    0.19758537871268442
  ],
  "academic_keys_used": [
    "academic_achievement",
    "major_fit",
    "inquiry",
    "career_exploration"
  ],
  "community_keys_used": [
    "community",
    "leadership",
    "communication",
    "empathy"
  ]
}